AppUsageEventEntity-packageName,category,abstract
cheehoon.ha.particulateforecaster,Weather,Lifestyle
com.airvisual,Weather,Lifestyle
com.chanel.weather.forecast.accu,Weather,Lifestyle
com.skplanet.weatherpong.mobile,Weather,Lifestyle
com.clip.getapp,Video Players/Editors,Media/Entertainment
com.delphicoder.flud,Video Players/Editors,Media/Entertainment
com.google.android.videos,Video Players/Editors,Media/Entertainment
com.google.android.youtube,Video Players/Editors,Media/Entertainment
com.mxtech.videoplayer.ad,Video Players/Editors,Media/Entertainment
com.mxtech.videoplayer.pro,Video Players/Editors,Media/Entertainment
com.nhn.android.naverplayer,Video Players/Editors,Media/Entertainment
com.qiyi.video.pad,Video Players/Editors,Media/Entertainment
com.quvideo.xiaoying,Video Players/Editors,Media/Entertainment
com.samsung.android.video,Video Players/Editors,Media/Entertainment
com.samsung.app.highlightplayer,Video Players/Editors,Media/Entertainment
com.skb.btvmobile,Video Players/Editors,Media/Entertainment
org.leetzone.android.yatsewidgetfree,Video Players/Editors,Media/Entertainment
video.player.videoplayer,Video Players/Editors,Media/Entertainment
Kal.FlightInfo,Travel/Local,Travel
com.agoda.mobile.consumer,Travel/Local,Travel
com.airbnb.android,Travel/Local,Travel
com.aminlogic.NavigationCompass,Travel/Local,Travel
com.bientus.cirque.android,Travel/Local,Travel
com.cultsotry.yanolja.nativeapp,Travel/Local,Travel
com.delta.mobile.android,Travel/Local,Travel
com.fridaynoons.playwings,Travel/Local,Travel
com.google.android.apps.maps,Travel/Local,Travel
com.habb.thankq,Travel/Local,Travel
com.hcom.android,Travel/Local,Travel
com.hotelscombined.mobile,Travel/Local,Travel
com.interpark.tour.mobile.main,Travel/Local,Travel
com.kayak.android,Travel/Local,Travel
com.korail.talk,Travel/Local,Travel
com.kscc.xzz.mbl,Travel/Local,Travel
com.mo2o.alsa,Travel/Local,Travel
com.mrt.ducati,Travel/Local,Travel
com.nhn.android.nmap,Travel/Local,Travel
com.tourlive,Travel/Local,Travel
de.flixbus.app,Travel/Local,Travel
kr.ac.kaist.kyotong,Travel/Local,Travel
kr.co.srail.app,Travel/Local,Travel
net.daum.android.map,Travel/Local,Travel
net.skyscanner.android.main,Travel/Local,Travel
com.pacoapp.paco,Tools,Tools
fi.polar.beat,Tools,Tools
iclab.kaist.ac.kr.msband_logger,Tools,Tools
kaist.iclab.abclogger,Tools,Tools
catchpower.gogo.blackholeaddons,Tools,Tools
com.ahnlab.v3mobileplus,Tools,Tools
com.ahnlab.v3mobilesecurity.soda,Tools,Tools
com.android.apps.tag,Tools,Tools
com.android.bluetooth,Tools,Tools
com.android.calculator2,Tools,Tools
com.android.calendar,Tools,Tools
com.android.captiveportallogin,Tools,Tools
com.android.companiondevicemanager,Tools,Tools
com.android.htmlviewer,Tools,Tools
com.android.incallui,Tools,Tools
com.android.nfc,Tools,Tools
com.android.phone,Tools,Tools
com.android.providers.downloads,Tools,Tools
com.android.providers.media,Tools,Tools
com.android.server.telecom,Tools,Tools
com.android.settings,Tools,Tools
com.asus.remotelink.full,Tools,Tools
com.atsolution.android.uotp2,Tools,Tools
com.cleanmaster.mguard,Tools,Tools
com.digibites.accubattery,Tools,Tools
com.diotek.sec.lookup.dictionary,Tools,Tools
com.edgeblock.edgeblock,Tools,Tools
com.estsoft.alyac,Tools,Tools
com.fiberthemax.OpQ2keyboard,Tools,Tools
com.finedigital.finewifiremocon,Tools,Tools
com.fingerprints.fido.asm,Tools,Tools
com.google.android.apps.authenticator2,Tools,Tools
com.google.android.apps.translate,Tools,Tools
com.google.android.calculator,Tools,Tools
com.google.android.gms,Tools,Tools
com.google.android.googlequicksearchbox,Tools,Tools
com.google.android.packageinstaller,Tools,Tools
com.google.android.setupwizard,Tools,Tools
com.hancom.office.editor.hidden,Tools,Tools
com.hancom.office.editor.sec,Tools,Tools
com.lge.bluetoothsetting,Tools,Tools
com.lge.clock,Tools,Tools
com.lge.easyhome,Tools,Tools
com.lge.homeselector,Tools,Tools
com.lge.ia.task.smartsetting,Tools,Tools
com.lge.ime,Tools,Tools
com.lge.launcher2,Tools,Tools
com.lge.launcher3,Tools,Tools
com.lge.lgdmsclient,Tools,Tools
com.lge.lginstallservies,Tools,Tools
com.lge.lgpay,Tools,Tools
com.lge.lockscreensettings,Tools,Tools
com.lge.qhelp,Tools,Tools
com.lge.qmemoplus,Tools,Tools
com.lge.qremote,Tools,Tools
com.lge.shutdownmonitor,Tools,Tools
com.lge.smartcover,Tools,Tools
com.lge.smartsharepush,Tools,Tools
com.lge.updatecenter,Tools,Tools
com.lge.voicerecorder,Tools,Tools
com.lge.wifisettings,Tools,Tools
com.lonelycatgames.Xplore,Tools,Tools
com.meonria.scientificcalc,Tools,Tools
com.mi.android.globalFileexplorer,Tools,Tools
com.mobidia.android.mdm,Tools,Tools
com.naver.labs.translator,Tools,Tools
com.necta.wifimousefree,Tools,Tools
com.samsung.android.MtpApplication,Tools,Tools
com.samsung.android.app.advsounddetector,Tools,Tools
com.samsung.android.app.appsedge,Tools,Tools
com.samsung.android.app.cocktailbarservice,Tools,Tools
com.samsung.android.app.galaxyfinder,Tools,Tools
com.samsung.android.app.memo,Tools,Tools
com.samsung.android.app.omcagent,Tools,Tools
com.samsung.android.app.reminder,Tools,Tools
com.samsung.android.app.routine2,Tools,Tools
com.samsung.android.app.scrollcapture,Tools,Tools
com.samsung.android.app.smartcapture,Tools,Tools
com.samsung.android.app.soundpicker,Tools,Tools
com.samsung.android.app.spage,Tools,Tools
com.samsung.android.app.taskedge,Tools,Tools
com.samsung.android.app.watchmanager,Tools,Tools
com.samsung.android.authfw,Tools,Tools
com.samsung.android.edgelightingeffectunit,Tools,Tools
com.samsung.android.fast,Tools,Tools
com.samsung.android.game.gamehome,Tools,Tools
com.samsung.android.game.gametools,Tools,Tools
com.samsung.android.geargplugin,Tools,Tools
com.samsung.android.gearoplugin,Tools,Tools
com.samsung.android.goodlock,Tools,Tools
com.samsung.android.incallui,Tools,Tools
com.samsung.android.lool,Tools,Tools
com.samsung.android.mobileservice,Tools,Tools
com.samsung.android.pluginrecents,Tools,Tools
com.samsung.android.rubin.app,Tools,Tools
com.samsung.android.samsungpass,Tools,Tools
com.samsung.android.samsungpassautofill,Tools,Tools
com.samsung.android.scloud,Tools,Tools
com.samsung.android.sconnect,Tools,Tools
com.samsung.android.securitylogagent,Tools,Tools
com.samsung.android.service.livedrawing,Tools,Tools
com.samsung.android.sidegesturepad,Tools,Tools
com.samsung.android.sm,Tools,Tools
com.samsung.android.themestore,Tools,Tools
com.samsung.android.timezone.autoupdate_O,Tools,Tools
com.samsung.android.visionintelligence,Tools,Tools
com.samsung.android.voc,Tools,Tools
com.samsung.networkui,Tools,Tools
com.samsung.preloadapp,Tools,Tools
com.samsung.voiceserviceplatform,Tools,Tools
com.sec.android.app.SecSetupWizard,Tools,Tools
com.sec.android.app.apex,Tools,Tools
com.sec.android.app.billing,Tools,Tools
com.sec.android.app.clockpackage,Tools,Tools
com.sec.android.app.dictionary,Tools,Tools
com.sec.android.app.dmb,Tools,Tools
com.sec.android.app.myfiles,Tools,Tools
com.sec.android.app.popupcalculator,Tools,Tools
com.sec.android.app.samsungapps,Tools,Tools
com.sec.android.app.soundalive,Tools,Tools
com.sec.android.app.taskmanager,Tools,Tools
com.sec.android.app.voicenote,Tools,Tools
com.sec.android.app.wfdbroker,Tools,Tools
com.sec.android.daemonapp,Tools,Tools
com.sec.android.easyMover,Tools,Tools
com.sec.android.easyMover.Agent,Tools,Tools
com.sec.android.emergencylauncher,Tools,Tools
com.sec.android.emergencymode.service,Tools,Tools
com.sec.android.inputmethod,Tools,Tools
com.sec.android.preloadinstaller,Tools,Tools
com.sec.android.wallpapercropper2,Tools,Tools
com.skp.clink.invoke,Tools,Tools
com.skt.prod.phone.phonemodesetupwizard,Tools,Tools
com.skt.prod.phonebook,Tools,Tools
com.skt.prod.tphonelite,Tools,Tools
com.skt.t_smart_charge,Tools,Tools
com.sktechx.xviewer,Tools,Tools
com.sktelecom.tsmartpay,Tools,Tools
com.smhk.boomerang,Tools,Tools
com.sonyericsson.organizer,Tools,Tools
com.sonyericsson.pws,Tools,Tools
com.sonyericsson.soundenhancement,Tools,Tools
com.sonyericsson.usbux,Tools,Tools
com.sonyericsson.xhs,Tools,Tools
com.sonymobile.entrance,Tools,Tools
com.sonymobile.home,Tools,Tools
com.sonymobile.smartcharger,Tools,Tools
com.sonymobile.storagechecker,Tools,Tools
com.sonymobile.superstamina,Tools,Tools
com.sonymobile.tvout.wifidisplay,Tools,Tools
com.sonymobile.wifi,Tools,Tools
com.surpax.ledflashlight.panel,Tools,Tools
com.tarkarn.denialcall,Tools,Tools
com.tourbaksaapp.app,Tools,Tools
com.tv.remote.controletv.tv,Tools,Tools
com.wssyncmldm,Tools,Tools
devian.tubemate.v3,Tools,Tools
kr.pe.javarss.barcodewallet2,Tools,Tools
org.cohortor.gstrings,Tools,Tools
org.swadhin.app,Tools,Tools
com.espn.score_center,Sports,Tools
com.uplus.baseballhdtv,Sports,Tools
kr.co.kbo.redss.app,Sports,Tools
kr.co.psynet,Sports,Tools
atommerce.mindcafe,Social,Tools
com.btb.minihompy,Social,Tools
com.buzzvil.adhours,Social,Tools
com.cashslide,Social,Tools
com.dcinside.app,Social,Tools
com.facebook.katana,Social,Tools
com.instagram.android,Social,Tools
com.kakao.story,Social,Tools
com.kickstarter.kickstarter,Social,Tools
com.nhn.android.band,Social,Tools
com.nhn.android.blog,Social,Tools
com.nhn.android.navercafe,Social,Tools
com.ppomppu.android,Social,Tools
com.snapchat.android,Social,Tools
com.towneers.www,Social,Tools
com.tumblr,Social,Tools
com.twitter.android,Social,Tools
kr.co.vcnc.android.couple,Social,Tools
kr.co.vcnc.betweendate.date,Social,Tools
net.daum.android.cafe,Social,Tools
net.daum.android.tistoryapp,Social,Tools
com.CouponChart,Shopping,Shopping
com.ak.android.akmall,Shopping,Shopping
com.alibaba.aliexpresshd,Shopping,Shopping
com.application_4u.qrcode.barcode,Shopping,Shopping
com.buzzni.android.subapp.shoppingmoa,Shopping,Shopping
com.cafe24.ec.plusandar01,Shopping,Shopping
com.cjoshppingphone,Shopping,Shopping
com.coupang.mobile,Shopping,Shopping
com.croquis.zigzag,Shopping,Shopping
com.ebay.kr.auction,Shopping,Shopping
com.ebay.kr.g9,Shopping,Shopping
com.ebay.kr.gmarket,Shopping,Shopping
com.elevenst,Shopping,Shopping
com.elevenst.deals,Shopping,Shopping
com.himart.main,Shopping,Shopping
com.hmallapp,Shopping,Shopping
com.hnsmall,Shopping,Shopping
com.interpark.shop,Shopping,Shopping
com.looket.soim,Shopping,Shopping
com.lotte.lottedutyfree,Shopping,Shopping
com.lottemart.lmscp,Shopping,Shopping
com.makeshop.powerapp.jinsence81,Shopping,Shopping
com.makeshop.powerapp.xexymix,Shopping,Shopping
com.mozzet.lookpin,Shopping,Shopping
com.nsmobilehub,Shopping,Shopping
com.omnitel.android.lottewebview,Shopping,Shopping
com.pub.fm,Shopping,Shopping
com.shilladutyfree,Shopping,Shopping
com.socialapps.homeplus,Shopping,Shopping
com.tmon,Shopping,Shopping
com.wemakeprice,Shopping,Shopping
kr.backpackr.me.idus,Shopping,Shopping
kr.co.emart.emartmall,Shopping,Shopping
kr.co.lgfashion.lgfashionshop.v28,Shopping,Shopping
kr.co.mercurykorea,Shopping,Shopping
kr.co.ssg,Shopping,Shopping
net.giosis.shopping.hub,Shopping,Shopping
sk.com.shopping,Shopping,Shopping
tv.jamlive,Shopping,Shopping
com.adobe.reader,Productivity,Productivity/Business
com.alphainventor.filemanager,Productivity,Productivity/Business
com.android.hotwordenrollment.okgoogle,Productivity,Productivity/Business
com.dropbox.android,Productivity,Productivity/Business
com.estmob.android.sendanywhere,Productivity,Productivity/Business
com.evernote,Productivity,Productivity/Business
com.google.android.apps.docs,Productivity,Productivity/Business
com.google.android.apps.docs.editors.docs,Productivity,Productivity/Business
com.google.android.apps.docs.editors.sheets,Productivity,Productivity/Business
com.google.android.apps.docs.editors.slides,Productivity,Productivity/Business
com.google.android.apps.m4b,Productivity,Productivity/Business
com.google.android.calendar,Productivity,Productivity/Business
com.google.android.keep,Productivity,Productivity/Business
com.imoxion.sensmobile,Productivity,Productivity/Business
com.infraware.office.link,Productivity,Productivity/Business
com.intsig.camscanner,Productivity,Productivity/Business
com.jushine.cstandard,Productivity,Productivity/Business
com.microsoft.office.excel,Productivity,Productivity/Business
com.microsoft.office.onenote,Productivity,Productivity/Business
com.microsoft.office.powerpoint,Productivity,Productivity/Business
com.microsoft.office.word,Productivity,Productivity/Business
com.microsoft.skydrive,Productivity,Productivity/Business
com.naver.nozzle,Productivity,Productivity/Business
com.nhn.android.navermemo,Productivity,Productivity/Business
com.nhn.android.ndrive,Productivity,Productivity/Business
com.noknok.android.mfac.service,Productivity,Productivity/Business
com.nsds.myphoneandme,Productivity,Productivity/Business
com.samsung.android.app.notes,Productivity,Productivity/Business
com.samsung.android.email.provider,Productivity,Productivity/Business
com.samsung.android.galaxycontinuity,Productivity,Productivity/Business
com.skt.prod.cloud,Productivity,Productivity/Business
com.sktelecom.tguard,Productivity,Productivity/Business
com.socialnmobile.dictapps.notepad.color.note,Productivity,Productivity/Business
com.teamviewer.teamviewer.market.mobile,Productivity,Productivity/Business
com.tf.thinkdroid.viewer,Productivity,Productivity/Business
com.truemobile.ipdisk,Productivity,Productivity/Business
com.vmware.beacon,Productivity,Productivity/Business
kr.co.rinasoft.howuse,Productivity,Productivity/Business
lg.uplusbox,Productivity,Productivity/Business
org.isoron.uhabits,Productivity,Productivity/Business
com.alensw.PicFolder,Photography,Photography
com.android.gallery3d,Photography,Photography
com.artifyapp.timestamp,Photography,Photography
com.aviary.android.feather,Photography,Photography
com.campmobile.snow,Photography,Photography
com.commsource.beautyplus,Photography,Photography
com.cyworld.camera,Photography,Photography
com.fotoable.enstyle,Photography,Photography
com.google.android.apps.photos,Photography,Photography
com.kakao.cheez,Photography,Photography
com.lge.camera,Photography,Photography
com.lge.phonemanagement,Photography,Photography
com.linecorp.b612.android,Photography,Photography
com.linecorp.foodcam.android,Photography,Photography
com.lyrebirdstudio.collage,Photography,Photography
com.oss.mcam,Photography,Photography
com.photofunia.android,Photography,Photography
com.sec.android.app.camera,Photography,Photography
com.sec.android.app.camera.avatarauth,Photography,Photography
com.sec.android.app.vepreload,Photography,Photography
com.sec.android.app.videoplayer,Photography,Photography
com.sec.android.gallery3d,Photography,Photography
com.sec.android.mimage.photoretouching,Photography,Photography
com.sonyericsson.album,Photography,Photography
com.sonyericsson.android.camera,Photography,Photography
com.sonymobile.moviecreator.rmm,Photography,Photography
com.ster.photo.surgery,Photography,Photography
ph.app.instasave,Photography,Photography
photoeditor.layout.collagemaker,Photography,Photography
com.sec.android.app.launcher,Personalization,Tools
com.amanefactory.totsukitoka,Parenting,Lifestyle
com.moms.momsdiary,Parenting,Lifestyle 
com.bambuna.podcastaddict,News/Magazines,Media/Entertainment
com.clem.nhkradio,News/Magazines,Media/Entertainment
com.cnn.mobile.android.phone,News/Magazines,Media/Entertainment
com.medium.reader,News/Magazines,Media/Entertainment
com.sony.nfx.app.sfrc,News/Magazines,Media/Entertainment
flipboard.boxer.app,News/Magazines,Media/Entertainment
fm.castbox.audiobook.radio.podcast,News/Magazines,Media/Entertainment
wsj.reader_sp,News/Magazines,Media/Entertainment
com.appmind.radios.jp,Music/Audio,Music/Audio
com.behringer.android.control.app.m32q,Music/Audio,Music/Audio
com.cocoradio.country.jp,Music/Audio,Music/Audio
com.fundevs.app.mediaconverter,Music/Audio,Music/Audio
com.gomtv.gomaudio,Music/Audio,Music/Audio
com.google.android.apps.youtube.music,Music/Audio,Music/Audio
com.google.android.music,Music/Audio,Music/Audio
com.iloen.melon,Music/Audio,Music/Audio
com.jaybirdsport.audio,Music/Audio,Music/Audio
com.kakao.music,Music/Audio,Music/Audio
com.lge.music,Music/Audio,Music/Audio
com.mnet.app,Music/Audio,Music/Audio
com.naver.vibe,Music/Audio,Music/Audio
com.nhn.android.music,Music/Audio,Music/Audio
com.samsung.radio,Music/Audio,Music/Audio
com.sec.android.app.music,Music/Audio,Music/Audio
com.shazam.android,Music/Audio,Music/Audio
com.soribada.android,Music/Audio,Music/Audio
com.soundbrenner.pulse,Music/Audio,Music/Audio
fm.qingting.qtradio,Music/Audio,Music/Audio
kr.ebs.bandi,Music/Audio,Music/Audio
radiotime.player,Music/Audio,Music/Audio
skplanet.musicmate,Music/Audio,Music/Audio
tunein.player,Music/Audio,Music/Audio
ch.sbb.mobile.android.b2c,Maps/Navigation,Travel
com.astroframe.seoulbus,Maps/Navigation,Travel
com.djbus,Maps/Navigation,Travel
com.ebcard.bustago,Maps/Navigation,Travel
com.greencar,Maps/Navigation,Travel
com.kakao.cp.driver,Maps/Navigation,Travel
com.kakao.taxi,Maps/Navigation,Travel
com.kakao.wheel.driver,Maps/Navigation,Travel
com.kscc.scxb.mbl,Maps/Navigation,Travel
com.kt.mtmoney,Maps/Navigation,Travel
com.locnall.KimGiSa,Maps/Navigation,Travel
com.skt.tmap.ku,Maps/Navigation,Travel
com.ubercab,Maps/Navigation,Travel
de.hafas.android.db,Maps/Navigation,Travel
kr.co.vcnc.tada,Maps/Navigation,Travel
kt.navi,Maps/Navigation,Travel
net.orizinal.subway,Maps/Navigation,Travel
socar.Socar,Maps/Navigation,Travel
teamDoppelGanger.SmarterSubway,Maps/Navigation,Travel
Com.sktelecom.minit,Lifestyle,Lifestyle
com.F1.ShinSG,Lifestyle,Lifestyle
com.aboutjsp.thedaybefore,Lifestyle,Lifestyle
com.cj.twosome,Lifestyle,Lifestyle
com.cjkoreaexpress,Lifestyle,Lifestyle
com.global.tarotmaster,Lifestyle,Lifestyle
com.gsr.gs25,Lifestyle,Lifestyle
com.happy.mobilepop,Lifestyle,Lifestyle
com.homeplus.myhomeplus,Lifestyle,Lifestyle
com.hpapp,Lifestyle,Lifestyle
com.hyundaioilbank.android,Lifestyle,Lifestyle
com.ibillstudio.thedaycouple,Lifestyle,Lifestyle
com.idincu.ovey.android,Lifestyle,Lifestyle
com.kakao.home,Lifestyle,Lifestyle
com.kakao.i.connect,Lifestyle,Lifestyle
com.kr.hollyscoffee,Lifestyle,Lifestyle
com.kt.android.showtouch,Lifestyle,Lifestyle
com.kt.gigagenie.mobile,Lifestyle,Lifestyle
com.kt.ktauth,Lifestyle,Lifestyle
com.kt.olleh.storefront,Lifestyle,Lifestyle
com.ktcs.whowho,Lifestyle,Lifestyle
com.ktshow.cs,Lifestyle,Lifestyle
com.lge.appbox.client,Lifestyle,Lifestyle
com.lge.sizechangable.weather,Lifestyle,Lifestyle
com.lguplus.mobile.cs,Lifestyle,Lifestyle
com.lottemembers.android,Lifestyle,Lifestyle
com.lpoint.moalock,Lifestyle,Lifestyle
com.mrpizza.android,Lifestyle,Lifestyle
com.mysmilepay.app,Lifestyle,Lifestyle
com.nate.android.portalmini,Lifestyle,Lifestyle
com.nhnent.payapp,Lifestyle,Lifestyle
com.olleh.android.oc2,Lifestyle,Lifestyle
com.pione.questiondiary,Lifestyle,Lifestyle
com.samsung.android.bixby.agent,Lifestyle,Lifestyle
com.samsung.android.bixby.wakeup,Lifestyle,Lifestyle
com.samsung.android.calendar,Lifestyle,Lifestyle
com.samsung.android.oneconnect,Lifestyle,Lifestyle
com.samsung.android.samsungpay.gear,Lifestyle,Lifestyle
com.samsung.android.spay,Lifestyle,Lifestyle
com.samsung.android.weather,Lifestyle,Lifestyle
com.samsung.oh,Lifestyle,Lifestyle
com.samsung.ssmobile,Lifestyle,Lifestyle
com.show.greenbill,Lifestyle,Lifestyle
com.skmc.okcashbag.home_google,Lifestyle,Lifestyle
com.skt.aladdin,Lifestyle,Lifestyle
com.skt.logii.widget,Lifestyle,Lifestyle
com.skt.smartbill,Lifestyle,Lifestyle
com.soilbonus.goodoilfamily,Lifestyle,Lifestyle
com.ssg.bang,Lifestyle,Lifestyle
com.tenfingers.seouldatepop,Lifestyle,Lifestyle
com.tinder,Lifestyle,Lifestyle
com.tms,Lifestyle,Lifestyle
com.ton.tarotofoz,Lifestyle,Lifestyle
com.uniqlo.kr.catalogue,Lifestyle,Lifestyle
com.unsin,Lifestyle,Lifestyle
com.weeds.tillionpanel.full,Lifestyle,Lifestyle
com.whox2.lguplus,Lifestyle,Lifestyle
com.xiaomi.smarthome,Lifestyle,Lifestyle
handasoft.mobile.divination,Lifestyle,Lifestyle
kr.co.burgerkinghybrid,Lifestyle,Lifestyle
kr.co.cjone.app.lockscreen,Lifestyle,Lifestyle
kr.co.gscaltex.gsnpoint,Lifestyle,Lifestyle
kr.co.ivlog.mobile.app.cjonecard,Lifestyle,Lifestyle
kr.co.kiwiplus.kiwi.kiwimom,Lifestyle,Lifestyle
kt.co.ktmmobile,Lifestyle,Lifestyle
net.daum.android.solcalendar,Lifestyle,Lifestyle
uplus.membership,Lifestyle,Lifestyle
com.chbreeze.jikbang4a,House/Home,Lifestyle
com.hogangnono.hogangnono,House/Home,Lifestyle
com.nhn.land.android,House/Home,Lifestyle
seekrtech.sleep,Health/Fitness,Health/Fitness
cc.pacer.androidapp,Health/Fitness,Health/Fitness
com.aia.vitality.kr,Health/Fitness,Health/Fitness
com.bcf.coinstep,Health/Fitness,Health/Fitness
com.cashwalk.cashwalk,Health/Fitness,Health/Fitness
com.dnt7.threeW,Health/Fitness,Health/Fitness
com.fitbit.FitbitMobile,,
com.fitstar.pt,Health/Fitness,Health/Fitness
com.hanbit.fitday,Health/Fitness,Health/Fitness
com.hanbit.rundayfree,Health/Fitness,Health/Fitness
com.inbody2014.inbody,Health/Fitness,Health/Fitness
com.lge.lifetracker,Health/Fitness,Health/Fitness
com.lunatouch.eyefilter.pro,Health/Fitness,Health/Fitness
com.mapmyrun.android2,Health/Fitness,Health/Fitness
com.nike.plusgps,Health/Fitness,Health/Fitness
com.northcube.sleepcycle,Health/Fitness,Health/Fitness
com.popularapp.periodcalendar,Health/Fitness,Health/Fitness
com.sec.android.app.shealth,Health/Fitness,Health/Fitness
com.sportractive,Health/Fitness,Health/Fitness
com.strava,Health/Fitness,Health/Fitness
com.xiaomi.hm.health,Health/Fitness,Health/Fitness
kr.co.openit.openrider,Health/Fitness,Health/Fitness
losebellyfat.flatstomach.absworkout.fatburning,Health/Fitness,Health/Fitness
sixpack.sixpackabs.absworkout,Health/Fitness,Health/Fitness
com.Monthly23.SwipeBrickBreaker,Game,Media/Entertainment
com.bandainamcoent.onepiecetresurecruisekr,Game,Media/Entertainment
com.kakaogames.friendsKing,Game,Media/Entertainment
com.kakaogames.friendsTower,Game,Media/Entertainment
com.kakaogames.gnss,Game,Media/Entertainment
com.nexon.da3,Game,Media/Entertainment
com.nexon.nsc.maplem,Game,Media/Entertainment
com.outfit7.mytalkingtomfree,Game,Media/Entertainment
com.pearlabyss.blackdesertm,Game,Media/Entertainment
com.playrix.gardenscapes,Game,Media/Entertainment
com.pubg.krmobile,Game,Media/Entertainment
com.puzzlegames.collection.puzzle,Game,Media/Entertainment
com.sundaytoz.kakao.anipang3.service,Game,Media/Entertainment
com.sundaytoz.kakao.wbb,Game,Media/Entertainment
com.supercell.clashroyale,Game,Media/Entertainment
com.tinyco.potter,Game,Media/Entertainment
com.wellgames.ss,Game,Media/Entertainment
kr.aos.com.aprogen.hng.fortressm,Game,Media/Entertainment
com.coffeebeankorea.android,Food/Drink,Lifestyle
com.diningcode,Food/Drink,Lifestyle
com.ediya.coupon,Food/Drink,Lifestyle
com.org.yakult,Food/Drink,Lifestyle
com.sampleapp,Food/Drink,Lifestyle
com.smartro.gongcha,Food/Drink,Lifestyle
com.starbucks.co,Food/Drink,Lifestyle
kr.ac.kaist.bab,Food/Drink,Lifestyle
stonykids.baedaltong.season2,Food/Drink,Lifestyle
coinone.co.kr.official,Finance,Finance
com.TouchEn.mVaccine.webs,Finance,Finance
com.app.shd.pstock,Finance,Finance
com.blockfolio.blockfolio,Finance,Finance
com.btckorea.bithumb,Finance,Finance
com.caloriecoin.wallet,Finance,Finance
com.dencreak.spbook,Finance,Finance
com.dominicosoft.coinmaster,Finance,Finance
com.dunamu.exchange,Finance,Finance
com.dunamu.stockplus,Finance,Finance
com.dunamu.trading,Finance,Finance
com.easy.currency.extra.androary,Finance,Finance
com.hanabank.ebk.channel.android.hananbank,Finance,Finance
com.hanaskcard.paycla,Finance,Finance
com.hanaskcard.rocomo.potal,Finance,Finance
com.hanwhalife.mobilecenter,Finance,Finance
com.httpdongbu_directcar.dbdirect,Finance,Finance
com.hyundaicard.appcard,Finance,Finance
com.ibk.onebankA,Finance,Finance
com.kakaobank.channel,Finance,Finance
com.kbankwith.smartbank,Finance,Finance
com.kbcard.cxh.appcard,Finance,Finance
com.kbcard.kat.liivmate,Finance,Finance
com.kbcard.kbkookmincard,Finance,Finance
com.kbstar.kbbank,Finance,Finance
com.kbstar.minibank,Finance,Finance
com.kbstar.smartotp,Finance,Finance
com.kbstar.starpush,Finance,Finance
com.kebhana.hanapush,Finance,Finance
com.lcacApp,Finance,Finance
com.linkzen.app,Finance,Finance
com.lotte.lpay,Finance,Finance
com.nhn.android.moneybook,Finance,Finance
com.rainist.banksalad2,Finance,Finance
com.realbyteapps.moneymanagerfree,Finance,Finance
com.samsungfire.insurance,Finance,Finance
com.samsungpop.android.mpop,Finance,Finance
com.shcard.smartpay,Finance,Finance
com.shinhan.global.vn.sclub,Finance,Finance
com.shinhan.sbanking,Finance,Finance
com.shinhancard.smartshinhan,Finance,Finance
com.skt.skaf.OA00026910,Finance,Finance
com.sktelecom.tauth,Finance,Finance
com.smg.spbs,Finance,Finance
com.ssg.serviceapp.android.egiftcertificate,Finance,Finance
com.wooribank.pib.smart,Finance,Finance
com.wooribank.pot.smart,Finance,Finance
com.wooribank.smart.mwib,Finance,Finance
com.wooribank.smart.wwms,Finance,Finance
com.wooricard.smartapp,Finance,Finance
com.wooriwm.mugsmart,Finance,Finance
com.wooriwm.txsmart,Finance,Finance
com.wr.alrim,Finance,Finance
com.yuanta.helloyuanta,Finance,Finance
com.yuanta.tradarm,Finance,Finance
com.coinmarket.android,Finance,Finance
hyundai.hi.smart.android.activity,Finance,Finance
kr.co.bitsonic,Finance,Finance
kr.co.hanamembers.hmscustomer,Finance,Finance
kr.co.keypair.keywalletTouch,Finance,Finance
kr.co.samsungcard.mpocket,Finance,Finance
kr.or.kftc.mobileapt2you,Finance,Finance
kvp.jjy.MispAndroid320,Finance,Finance
lt.spectrofinance.spectrocoin.android.wallet,Finance,Finance
net.ib.android.smcard,Finance,Finance
nh.smart,Finance,Finance
nh.smart.signone,Finance,Finance
sam.myanycar.samsungFire,Finance,Finance
viva.republica.toss,Finance,Finance
kr.co.nowcom.mobile.afreeca,Entertainment,Media/Entertainment
com.appgate.gorealra,Entertainment,Media/Entertainment
com.camobile.akb48mail,Entertainment,Media/Entertainment
com.cgv.android.movieapp,Entertainment,Media/Entertainment
com.frograms.watcha,Entertainment,Media/Entertainment
com.frograms.wplay,Entertainment,Media/Entertainment
com.gdragon.pod.leeson,Entertainment,Media/Entertainment
com.google.android.apps.youtube.kids,Entertainment,Media/Entertainment
com.google.android.play.games,Entertainment,Media/Entertainment
com.imbc.mini,Entertainment,Media/Entertainment
com.interpark.app.ticket,Entertainment,Media/Entertainment
com.kakao.page,Entertainment,Media/Entertainment
com.kt.otv,Entertainment,Media/Entertainment
com.megabox.mop,Entertainment,Media/Entertainment
com.morp.arirangVV,Entertainment,Media/Entertainment
com.naver.naveraudio,Entertainment,Media/Entertainment
com.naver.vapp,Entertainment,Media/Entertainment
com.netflix.mediaclient,Entertainment,Media/Entertainment
com.nexon.handsplus,Entertainment,Media/Entertainment
com.samsung.everland.android.mobileApp,Entertainment,Media/Entertainment
com.scatterlab.sol,Entertainment,Media/Entertainment
com.skb.smartrc,Entertainment,Media/Entertainment
com.skmnc.gifticon,Entertainment,Media/Entertainment
gg.op.lol.android,Entertainment,Media/Entertainment
kr.co.captv.pooqV2,Entertainment,Media/Entertainment
kr.co.kbs.kong,Entertainment,Media/Entertainment
kr.co.lottecinema.lcm,Entertainment,Media/Entertainment
kr.co.ticketlink.cne,Entertainment,Media/Entertainment
sixclk.newpiki,Entertainment,Media/Entertainment
tv.twitch.android.app,Entertainment,Media/Entertainment
zettamedia.bflix,Entertainment,Media/Entertainment
com.Classting,Education,Productivity/Business
com.belugaedu.amgigorae,Education,Productivity/Business
com.brainbow.peak.app,Education,Productivity/Business
com.carrotenglish.rptest,Education,Productivity/Business
com.credu.ml,Education,Productivity/Business
com.hellotalk,Education,Productivity/Business
com.imcompany.school2,Education,Productivity/Business
com.kcic.oneminjapanese,Education,Productivity/Business
com.mathpresso.qandateacher,Education,Productivity/Business
com.moiseum.dailyart2,Education,Productivity/Business
com.nhn.android.naverdic,Education,Productivity/Business
com.omega.dic.es,Education,Productivity/Business
com.qualson.realclass,Education,Productivity/Business
com.stn.mobile_player,Education,Productivity/Business
kr.ac.kaist.coursemos.android,Education,Productivity/Business
kr.co.sigongedu.memo,Education,Productivity/Business
kr.co.yanadoo.mobile,Education,Productivity/Business
net.carrotenglish.ctm,Education,Productivity/Business
app.hybirds.skypeople,Dating,Social/Communication
com.coffeemeetsbagel,Dating,Social/Communication
com.andr.evine.who,Communication,Social/Communication
com.android.chrome,Communication,Social/Communication
com.android.contacts,Communication,Social/Communication
com.android.mms,Communication,Social/Communication
com.briniclemobile.wibeetalk,Communication,Social/Communication
com.discord,Communication,Social/Communication
com.enabledaonsoft.thecamp,Communication,Social/Communication
com.facebook.orca,Communication,Social/Communication
com.google.android.apps.messaging,Communication,Social/Communication
com.google.android.gm,Communication,Social/Communication
com.google.android.talk,Communication,Social/Communication
com.kakao.talk,Communication,Social/Communication
com.nexon.nxplay,Communication,Social/Communication
com.nhn.android.mail,Communication,Social/Communication
com.opera.browser,Communication,Social/Communication
com.samsung.accessory,Communication,Social/Communication
com.samsung.android.contacts,Communication,Social/Communication
com.samsung.android.da.daagent,Communication,Social/Communication
com.samsung.android.mateagent,Communication,Social/Communication
com.samsung.android.messaging,Communication,Social/Communication
com.sec.android.app.sbrowser,Communication,Social/Communication
com.sec.spp.push,Communication,Social/Communication
com.skt.prod.dialer,Communication,Social/Communication
com.skt.prod.phone,Communication,Social/Communication
com.skt.tdatacoupon,Communication,Social/Communication
com.skype.raider,Communication,Social/Communication
com.sonelli.juicessh,Communication,Social/Communication
com.sonymobile.android.contacts,Communication,Social/Communication
com.sonymobile.android.dialer,Communication,Social/Communication
com.tencent.mm,Communication,Social/Communication
com.vaultmicro.kidsnote,Communication,Social/Communication
com.vidyo.VidyoClient,Communication,Social/Communication
com.whatsapp,Communication,Social/Communication
gogolook.callgogolook2,Communication,Social/Communication
jp.naver.line.android,Communication,Social/Communication
kr.ac.kaist.portal,Communication,Social/Communication
kreditdata.kreditjob,Communication,Social/Communication
net.daum.android.daum,Communication,Social/Communication
org.telegram.messenger,Communication,Social/Communication
com.lezhin.comics,Comics,Media/Entertainment
com.nhn.android.webtoon,Comics,Media/Entertainment
laftel.net.laftel,Comics,Media/Entertainment
net.daum.android.webtoon,Comics,Media/Entertainment
com.Slack,Business,Productivity/Business
com.albamon.app,Business,Productivity/Business
com.androidrocker.callblocker,Business,Productivity/Business
com.google.android.apps.ads.publisher,Business,Productivity/Business
com.jobkorea.app,Business,Productivity/Business
com.jobplanet.kr.android,Business,Productivity/Business
com.linkedin.android,Business,Productivity/Business
com.linkedin.android.jobs.jobseeker,Business,Productivity/Business
com.microsoft.rdc.android,Business,Productivity/Business
com.samsung.android.knox.containeragent,Business,Productivity/Business
com.samsung.knox.securefolder,Business,Productivity/Business
com.sweettracker.smartparcel,Business,Productivity/Business
com.teamblind.blind,Business,Productivity/Business
com.teamup.teamup,Business,Productivity/Business
kr.co.alba.webappalba.m,Business,Productivity/Business
kr.co.hiworks.messenger,Business,Productivity/Business
kr.co.hiworks.mobile,Business,Productivity/Business
kr.co.rememberapp,Business,Productivity/Business
kr.co.saramin.SalaryCalc,Business,Productivity/Business
net.hibrain.apps.android.hibrainnet,Business,Productivity/Business
net.slideshare.mobile,Business,Productivity/Business
com.godpeople.GPBIBLE,Books/Reference,Media/Entertainment
com.initialcoms.ridi,Books/Reference,Media/Entertainment
com.kyobo.ebook.samsung,Books/Reference,Media/Entertainment
com.nhn.android.nbooks,Books/Reference,Media/Entertainment
com.nhn.android.search,Books/Reference,Media/Entertainment
com.ptculi.tekview,Books/Reference,Media/Entertainment
com.skt.skaf.OA00050017,Books/Reference,Media/Entertainment
kr.ac.libit.kaist,Books/Reference,Media/Entertainment
kr.co.aladin.ebook,Books/Reference,Media/Entertainment
kr.co.ypbooks.app,Books/Reference,Media/Entertainment
mok.android,Books/Reference,Media/Entertainment
org.wikipedia,Books/Reference,Media/Entertainment
kr.co.company.hwahae,Beauty,Lifestyle
com.dwlife.drinkingcolor,Auto/Vehicles,Travel
com.encar.encarMobileApp,Auto/Vehicles,Travel
com.encardirect.app,Auto/Vehicles,Travel
com.google.android.projection.gearhead,Auto/Vehicles,Travel
com.nbdproject.macarong,Auto/Vehicles,Travel
com.skn.zamong2,Auto/Vehicles,Travel
kr.co.cardoc,Auto/Vehicles,Travel
kr.co.kbc.cha.android,Auto/Vehicles,Travel
android,,
android.example.com.tflitecamerademo,,
com.SunHan,,
com.WeTogether,,
com.android.documentsui,,
com.android.systemui,,
com.android.vending,,
com.facebook.appmanager,,
com.luga,,
com.osp.app.signin,,
com.samsung.SMT,,
com.skt.skaf.A000Z00040,,
com.skt.skaf.OA00018282,,
com.skt.skaf.OA00199800,,
com.skt.skaf.l001mtm091,,
com.vlingo.midas,,
kaist.iclab.abc,,
org.tensorflow.demo,,
