antecedents,consequents,antecedent support,consequent support,support,confidence,lift,leverage,conviction,consequent_length,antecedant_length,lift_log_scale_abs
"{'bandDistance_pace#MAX:m', 'bandUV_exposure#MAX:m', 'appUsage_appCategory#SUP:Media/Entertainment:m', 'activity_event#SUP:STILL:m'}",{'bandDistance_pace#MINLAGVAL:m'},0.6111111111111112,0.6944444444444444,0.6111111111111112,1.0,1.44,0.18672839506172845,inf,1,4,0.36464311358790924
"{'bandDistance_pace#MINLAGVAL:m', 'battery_plugState#SUP:WIRELESS:m', 'connection_type#SUP:WIFI:m', 'battery_status#SUP:DISCHARGING:m'}",{'bandDistance_pace#MAX:m'},0.6388888888888888,0.6944444444444444,0.6388888888888888,1.0,1.44,0.19521604938271603,inf,1,4,0.36464311358790924
"{'battery_plugState#ETP:m', 'bandDistance_pace#MIN:m', 'bandDistance_pace#MAX:m', 'ringer#SUP:RINGER_MODE_VIBRATE:m'}",{'bandDistance_pace#MINLAGVAL:m'},0.6388888888888888,0.6944444444444444,0.6388888888888888,1.0,1.44,0.19521604938271603,inf,1,4,0.36464311358790924
"{'bandUV_exposure#MAXLAGVAL:m', 'bandDistance_pace#MIN:m', 'bandDistance_pace#MINLAGVAL:m', 'connection_type#SUP:MOBILE:m'}",{'bandDistance_pace#MAX:m'},0.6944444444444444,0.6944444444444444,0.6944444444444444,1.0,1.44,0.21219135802469136,inf,1,4,0.36464311358790924
"{'battery_plugState#ETP:m', 'bandUV_exposure#MAX:m', 'ringer#SUP:RINGER_MODE_VIBRATE:m', 'bandDistance_pace#MINLAGVAL:m'}",{'bandDistance_pace#MAX:m'},0.6388888888888888,0.6944444444444444,0.6388888888888888,1.0,1.44,0.19521604938271603,inf,1,4,0.36464311358790924
"{'bandUV_exposure#MAXLAGVAL:m', 'bandDistance_pace#MIN:m', 'bandDistance_pace#MAX:m', 'connection_type#SUP:MOBILE:m'}",{'bandDistance_pace#MINLAGVAL:m'},0.6944444444444444,0.6944444444444444,0.6944444444444444,1.0,1.44,0.21219135802469136,inf,1,4,0.36464311358790924
"{'battery_plugState#SUP:WIRELESS:m', 'bandDistance_pace#MAX:m', 'battery_status#SUP:DISCHARGING:m', 'connection_type#SUP:WIFI:m'}",{'bandDistance_pace#MINLAGVAL:m'},0.6388888888888888,0.6944444444444444,0.6388888888888888,1.0,1.44,0.19521604938271603,inf,1,4,0.36464311358790924
"{'battery_plugState#ETP:m', 'bandDistance_pace#MAX:m', 'bandUV_exposure#MAX:m', 'ringer#SUP:RINGER_MODE_VIBRATE:m'}",{'bandDistance_pace#MINLAGVAL:m'},0.6388888888888888,0.6944444444444444,0.6388888888888888,1.0,1.44,0.19521604938271603,inf,1,4,0.36464311358790924
"{'bandUV_exposure#MAXLAGVAL:m', 'bandDistance_pace#MINLAGVAL:m', 'bandCalory_burned#MIN:m', 'connection_type#SUP:MOBILE:m'}",{'bandDistance_pace#MAX:m'},0.6944444444444444,0.6944444444444444,0.6944444444444444,1.0,1.44,0.21219135802469136,inf,1,4,0.36464311358790924
"{'battery_plugState#ETP:m', 'bandDistance_pace#MAX:m', 'bandCalory_burned#MIN:m', 'ringer#SUP:RINGER_MODE_VIBRATE:m'}",{'bandDistance_pace#MINLAGVAL:m'},0.6388888888888888,0.6944444444444444,0.6388888888888888,1.0,1.44,0.19521604938271603,inf,1,4,0.36464311358790924
"{'bandUV_exposure#MAXLAGVAL:m', 'bandDistance_pace#MAX:m', 'bandCalory_burned#MIN:m', 'connection_type#SUP:MOBILE:m'}",{'bandDistance_pace#MINLAGVAL:m'},0.6944444444444444,0.6944444444444444,0.6944444444444444,1.0,1.44,0.21219135802469136,inf,1,4,0.36464311358790924
"{'bandPedometer_step#KUR:m', 'bandDistance_pace#MINLAGVAL:m', 'activity_event#SUP:IN_VEHICLE:m', 'location_distance#MINLAG:m'}",{'bandDistance_pace#MAX:m'},0.6388888888888888,0.6944444444444444,0.6388888888888888,1.0,1.44,0.19521604938271603,inf,1,4,0.36464311358790924
"{'bandPedometer_step#KUR:m', 'bandDistance_pace#MAX:m', 'activity_event#SUP:IN_VEHICLE:m', 'location_distance#MINLAG:m'}",{'bandDistance_pace#MINLAGVAL:m'},0.6388888888888888,0.6944444444444444,0.6388888888888888,1.0,1.44,0.19521604938271603,inf,1,4,0.36464311358790924
"{'bandDistance_pace#MIN:m', 'bandDistance_pace#MAX:m', 'bandSkinTemperature_temperature#MINLAG:m', 'unlock#SUP:UNLOCK:m'}",{'bandDistance_pace#MINLAGVAL:m'},0.6666666666666666,0.6944444444444444,0.6666666666666666,1.0,1.44,0.20370370370370372,inf,1,4,0.36464311358790924
"{'ringer#ETP:m', 'bandDistance_pace#MAX:m', 'appUsage_appCategory#SUP:Media/Entertainment:m', 'activity_event#SUP:STILL:m'}",{'bandDistance_pace#MINLAGVAL:m'},0.6111111111111112,0.6944444444444444,0.6111111111111112,1.0,1.44,0.18672839506172845,inf,1,4,0.36464311358790924
"{'bandDistance_pace#MIN:m', 'bandDistance_pace#MINLAGVAL:m', 'bandSkinTemperature_temperature#MINLAG:m', 'unlock#SUP:UNLOCK:m'}",{'bandDistance_pace#MAX:m'},0.6666666666666666,0.6944444444444444,0.6666666666666666,1.0,1.44,0.20370370370370372,inf,1,4,0.36464311358790924
"{'battery_plugState#ETP:m', 'bandDistance_pace#MIN:m', 'bandDistance_pace#MINLAGVAL:m', 'ringer#SUP:RINGER_MODE_VIBRATE:m'}",{'bandDistance_pace#MAX:m'},0.6388888888888888,0.6944444444444444,0.6388888888888888,1.0,1.44,0.19521604938271603,inf,1,4,0.36464311358790924
"{'battery_plugState#ETP:m', 'bandCalory_burned#MIN:m', 'ringer#SUP:RINGER_MODE_VIBRATE:m', 'bandDistance_pace#MINLAGVAL:m'}",{'bandDistance_pace#MAX:m'},0.6388888888888888,0.6944444444444444,0.6388888888888888,1.0,1.44,0.19521604938271603,inf,1,4,0.36464311358790924
"{'bandUV_exposure#MAXLAGVAL:m', 'battery_temperature#MAXLAG:m', 'bandDistance_pace#MINLAGVAL:m', 'connection_type#SUP:MOBILE:m'}",{'bandDistance_pace#MAX:m'},0.6944444444444444,0.6944444444444444,0.6944444444444444,1.0,1.44,0.21219135802469136,inf,1,4,0.36464311358790924
"{'bandPedometer_step#KUR:m', 'bandDistance_pace#MAX:m', 'battery_status#SUP:FULL:m', 'location_distance#MINLAG:m'}",{'bandDistance_pace#MINLAGVAL:m'},0.6388888888888888,0.6944444444444444,0.6388888888888888,1.0,1.44,0.19521604938271603,inf,1,4,0.36464311358790924
"{'battery_plugState#ETP:m', 'ringer#ETP:m', 'bandDistance_pace#MINLAGVAL:m', 'ringer#SUP:RINGER_MODE_VIBRATE:m'}",{'bandDistance_pace#MAX:m'},0.6388888888888888,0.6944444444444444,0.6388888888888888,1.0,1.44,0.19521604938271603,inf,1,4,0.36464311358790924
"{'bandUV_exposure#MAXLAGVAL:m', 'battery_temperature#MAXLAG:m', 'bandDistance_pace#MAX:m', 'connection_type#SUP:MOBILE:m'}",{'bandDistance_pace#MINLAGVAL:m'},0.6944444444444444,0.6944444444444444,0.6944444444444444,1.0,1.44,0.21219135802469136,inf,1,4,0.36464311358790924
"{'battery_plugState#ETP:m', 'bandUV_exposure#MAXLAGVAL:m', 'bandDistance_pace#MINLAGVAL:m', 'connection_type#SUP:MOBILE:m'}",{'bandDistance_pace#MAX:m'},0.6944444444444444,0.6944444444444444,0.6944444444444444,1.0,1.44,0.21219135802469136,inf,1,4,0.36464311358790924
"{'battery_plugState#ETP:m', 'bandDistance_pace#MAX:m', 'bandUV_exposure#MAXLAGVAL:m', 'connection_type#SUP:MOBILE:m'}",{'bandDistance_pace#MINLAGVAL:m'},0.6944444444444444,0.6944444444444444,0.6944444444444444,1.0,1.44,0.21219135802469136,inf,1,4,0.36464311358790924
"{'battery_plugState#ETP:m', 'ringer#ETP:m', 'bandDistance_pace#MAX:m', 'ringer#SUP:RINGER_MODE_VIBRATE:m'}",{'bandDistance_pace#MINLAGVAL:m'},0.6388888888888888,0.6944444444444444,0.6388888888888888,1.0,1.44,0.19521604938271603,inf,1,4,0.36464311358790924
"{'bandPedometer_step#KUR:m', 'bandDistance_pace#MINLAGVAL:m', 'battery_status#SUP:FULL:m', 'location_distance#MINLAG:m'}",{'bandDistance_pace#MAX:m'},0.6388888888888888,0.6944444444444444,0.6388888888888888,1.0,1.44,0.19521604938271603,inf,1,4,0.36464311358790924
"{'battery_plugState#ETP:m', 'bandDistance_pace#MINLAGVAL:m', 'ringer#SUP:RINGER_MODE_VIBRATE:m', 'activity_event#SUP:WALKING:m'}",{'bandDistance_pace#MAX:m'},0.6388888888888888,0.6944444444444444,0.6388888888888888,1.0,1.44,0.19521604938271603,inf,1,4,0.36464311358790924
"{'bandUV_exposure#MAXLAGVAL:m', 'bandDistance_pace#MAX:m', 'bandUV_exposure#MAX:m', 'connection_type#SUP:MOBILE:m'}",{'bandDistance_pace#MINLAGVAL:m'},0.6944444444444444,0.6944444444444444,0.6944444444444444,1.0,1.44,0.21219135802469136,inf,1,4,0.36464311358790924
"{'bandPedometer_step#KUR:m', 'bandDistance_pace#MINLAGVAL:m', 'location_distance#MINLAG:m', 'connection_type#SUP:MOBILE:m'}",{'bandDistance_pace#MAX:m'},0.6388888888888888,0.6944444444444444,0.6388888888888888,1.0,1.44,0.19521604938271603,inf,1,4,0.36464311358790924
"{'bandUV_exposure#MINLAG:m', 'bandUV_exposure#MAXLAGVAL:m', 'bandDistance_pace#MINLAGVAL:m', 'connection_type#SUP:MOBILE:m'}",{'bandDistance_pace#MAX:m'},0.6944444444444444,0.6944444444444444,0.6944444444444444,1.0,1.44,0.21219135802469136,inf,1,4,0.36464311358790924
"{'bandUV_exposure#MINLAG:m', 'bandDistance_pace#MAX:m', 'bandUV_exposure#MAXLAGVAL:m', 'connection_type#SUP:MOBILE:m'}",{'bandDistance_pace#MINLAGVAL:m'},0.6944444444444444,0.6944444444444444,0.6944444444444444,1.0,1.44,0.21219135802469136,inf,1,4,0.36464311358790924
"{'battery_plugState#ETP:m', 'bandDistance_pace#MAX:m', 'ringer#SUP:RINGER_MODE_VIBRATE:m', 'activity_event#SUP:WALKING:m'}",{'bandDistance_pace#MINLAGVAL:m'},0.6388888888888888,0.6944444444444444,0.6388888888888888,1.0,1.44,0.19521604938271603,inf,1,4,0.36464311358790924
"{'bandUV_exposure#MAXLAGVAL:m', 'bandDistance_pace#MINLAGVAL:m', 'bandUV_exposure#MAX:m', 'connection_type#SUP:MOBILE:m'}",{'bandDistance_pace#MAX:m'},0.6944444444444444,0.6944444444444444,0.6944444444444444,1.0,1.44,0.21219135802469136,inf,1,4,0.36464311358790924
"{'bandPedometer_step#KUR:m', 'bandDistance_pace#MAX:m', 'location_distance#MINLAG:m', 'connection_type#SUP:MOBILE:m'}",{'bandDistance_pace#MINLAGVAL:m'},0.6388888888888888,0.6944444444444444,0.6388888888888888,1.0,1.44,0.19521604938271603,inf,1,4,0.36464311358790924
"{'battery_plugState#ETP:m', 'bandDistance_pace#MINLAGVAL:m', 'ringer#SUP:RINGER_MODE_VIBRATE:m', 'bandUV_exposure#MINLAG:m'}",{'bandDistance_pace#MAX:m'},0.6388888888888888,0.6944444444444444,0.6388888888888888,1.0,1.44,0.19521604938271603,inf,1,4,0.36464311358790924
"{'ringer#ETP:m', 'bandDistance_pace#MINLAGVAL:m', 'appUsage_appCategory#SUP:Media/Entertainment:m', 'activity_event#SUP:STILL:m'}",{'bandDistance_pace#MAX:m'},0.6111111111111112,0.6944444444444444,0.6111111111111112,1.0,1.44,0.18672839506172845,inf,1,4,0.36464311358790924
"{'bandUV_exposure#MAXLAGVAL:m', 'activity_event#SUP:WALKING:m', 'bandDistance_pace#MINLAGVAL:m', 'connection_type#SUP:MOBILE:m'}",{'bandDistance_pace#MAX:m'},0.6944444444444444,0.6944444444444444,0.6944444444444444,1.0,1.44,0.21219135802469136,inf,1,4,0.36464311358790924
"{'bandPedometer_step#KUR:m', 'bandDistance_pace#MAX:m', 'location_distance#MINLAG:m', 'ringer#ETP:m'}",{'bandDistance_pace#MINLAGVAL:m'},0.6388888888888888,0.6944444444444444,0.6388888888888888,1.0,1.44,0.19521604938271603,inf,1,4,0.36464311358790924
"{'bandDistance_pace#MAX:m', 'bandUV_exposure#MAX:m', 'bandSkinTemperature_temperature#MINLAG:m', 'unlock#SUP:UNLOCK:m'}",{'bandDistance_pace#MINLAGVAL:m'},0.6666666666666666,0.6944444444444444,0.6666666666666666,1.0,1.44,0.20370370370370372,inf,1,4,0.36464311358790924
"{'battery_temperature#MAXLAG:m', 'bandDistance_pace#MINLAGVAL:m', 'ringer#SUP:RINGER_MODE_NORMAL:m', 'connection_type#SUP:MOBILE:m'}",{'bandDistance_pace#MAX:m'},0.6944444444444444,0.6944444444444444,0.6944444444444444,1.0,1.44,0.21219135802469136,inf,1,4,0.36464311358790924
"{'battery_temperature#MAXLAG:m', 'bandDistance_pace#MAX:m', 'ringer#SUP:RINGER_MODE_NORMAL:m', 'connection_type#SUP:MOBILE:m'}",{'bandDistance_pace#MINLAGVAL:m'},0.6944444444444444,0.6944444444444444,0.6944444444444444,1.0,1.44,0.21219135802469136,inf,1,4,0.36464311358790924
"{'bandUV_indexLevel#SUP:LOW:m', 'bandDistance_pace#MAX:m', 'bandUV_indexLevel#SUP:NONE:m', 'battery_status#SUP:DISCHARGING:m'}",{'bandDistance_pace#MINLAGVAL:m'},0.6388888888888888,0.6944444444444444,0.6388888888888888,1.0,1.44,0.19521604938271603,inf,1,4,0.36464311358790924
"{'bandPedometer_step#KUR:m', 'bandDistance_pace#MINLAGVAL:m', 'location_distance#MINLAG:m', 'ringer#ETP:m'}",{'bandDistance_pace#MAX:m'},0.6388888888888888,0.6944444444444444,0.6388888888888888,1.0,1.44,0.19521604938271603,inf,1,4,0.36464311358790924
"{'battery_plugState#ETP:m', 'bandDistance_pace#MINLAGVAL:m', 'ringer#SUP:RINGER_MODE_NORMAL:m', 'connection_type#SUP:MOBILE:m'}",{'bandDistance_pace#MAX:m'},0.6944444444444444,0.6944444444444444,0.6944444444444444,1.0,1.44,0.21219135802469136,inf,1,4,0.36464311358790924
"{'bandDistance_pace#MINLAGVAL:m', 'bandUV_exposure#MAX:m', 'bandSkinTemperature_temperature#MINLAG:m', 'unlock#SUP:UNLOCK:m'}",{'bandDistance_pace#MAX:m'},0.6666666666666666,0.6944444444444444,0.6666666666666666,1.0,1.44,0.20370370370370372,inf,1,4,0.36464311358790924
"{'bandUV_exposure#MAXLAGVAL:m', 'bandDistance_pace#MAX:m', 'activity_event#SUP:WALKING:m', 'connection_type#SUP:MOBILE:m'}",{'bandDistance_pace#MINLAGVAL:m'},0.6944444444444444,0.6944444444444444,0.6944444444444444,1.0,1.44,0.21219135802469136,inf,1,4,0.36464311358790924
"{'battery_temperature#MAXLAG:m', 'bandDistance_pace#MINLAGVAL:m', 'ringer#SUP:RINGER_MODE_VIBRATE:m', 'connection_type#SUP:WIFI:m'}",{'bandDistance_pace#MAX:m'},0.6388888888888888,0.6944444444444444,0.6388888888888888,1.0,1.44,0.19521604938271603,inf,1,4,0.36464311358790924
"{'battery_plugState#ETP:m', 'bandDistance_pace#MAX:m', 'ringer#SUP:RINGER_MODE_NORMAL:m', 'connection_type#SUP:MOBILE:m'}",{'bandDistance_pace#MINLAGVAL:m'},0.6944444444444444,0.6944444444444444,0.6944444444444444,1.0,1.44,0.21219135802469136,inf,1,4,0.36464311358790924
"{'bandUV_exposure#MINLAG:m', 'bandDistance_pace#MINLAGVAL:m', 'ringer#SUP:RINGER_MODE_NORMAL:m', 'connection_type#SUP:MOBILE:m'}",{'bandDistance_pace#MAX:m'},0.6944444444444444,0.6944444444444444,0.6944444444444444,1.0,1.44,0.21219135802469136,inf,1,4,0.36464311358790924
"{'bandUV_exposure#MINLAG:m', 'bandDistance_pace#MAX:m', 'ringer#SUP:RINGER_MODE_NORMAL:m', 'connection_type#SUP:MOBILE:m'}",{'bandDistance_pace#MINLAGVAL:m'},0.6944444444444444,0.6944444444444444,0.6944444444444444,1.0,1.44,0.21219135802469136,inf,1,4,0.36464311358790924
"{'bandUV_exposure#MAX:m', 'bandSkinTemperature_temperature#MINLAG:m', 'activity_event#SUP:IN_VEHICLE:m', 'ringer#SUP:RINGER_MODE_VIBRATE:m'}",{'activity_event#SUP:STILL:m'},0.8611111111111112,0.75,0.6111111111111112,0.7096774193548387,0.946236559139785,-0.03472222222222221,0.8611111111111113,1,4,-0.055262678675049415
"{'bandUV_exposure#MINLAG:m', 'bandSkinTemperature_temperature#MINLAG:m', 'activity_event#SUP:IN_VEHICLE:m', 'ringer#SUP:RINGER_MODE_VIBRATE:m'}",{'activity_event#SUP:STILL:m'},0.8611111111111112,0.75,0.6111111111111112,0.7096774193548387,0.946236559139785,-0.03472222222222221,0.8611111111111113,1,4,-0.055262678675049415
"{'bandUV_exposure#MAXLAGVAL:m', 'battery_status#SUP:CHARGING:m', 'appUsage_appCategory#SUP:Media/Entertainment:m', 'bandSkinTemperature_temperature#MINLAG:m'}",{'activity_event#SUP:STILL:m'},0.8611111111111112,0.75,0.6111111111111112,0.7096774193548387,0.946236559139785,-0.03472222222222221,0.8611111111111113,1,4,-0.055262678675049415
"{'battery_plugState#ETP:m', 'bandSkinTemperature_temperature#MINLAG:m', 'activity_event#SUP:IN_VEHICLE:m', 'ringer#SUP:RINGER_MODE_VIBRATE:m'}",{'activity_event#SUP:STILL:m'},0.8611111111111112,0.75,0.6111111111111112,0.7096774193548387,0.946236559139785,-0.03472222222222221,0.8611111111111113,1,4,-0.055262678675049415
"{'battery_status#SUP:CHARGING:m', 'appUsage_appCategory#SUP:Media/Entertainment:m', 'bandSkinTemperature_temperature#MINLAG:m', 'ringer#ETP:m'}",{'activity_event#SUP:STILL:m'},0.8611111111111112,0.75,0.6111111111111112,0.7096774193548387,0.946236559139785,-0.03472222222222221,0.8611111111111113,1,4,-0.055262678675049415
"{'bandDistance_pace#MIN:m', 'battery_status#SUP:CHARGING:m', 'appUsage_appCategory#SUP:Media/Entertainment:m', 'bandSkinTemperature_temperature#MINLAG:m'}",{'activity_event#SUP:STILL:m'},0.8611111111111112,0.75,0.6111111111111112,0.7096774193548387,0.946236559139785,-0.03472222222222221,0.8611111111111113,1,4,-0.055262678675049415
"{'connection_type#SUP:WIFI:m', 'bandSkinTemperature_temperature#MINLAG:m', 'activity_event#SUP:IN_VEHICLE:m', 'ringer#SUP:RINGER_MODE_VIBRATE:m'}",{'activity_event#SUP:STILL:m'},0.8611111111111112,0.75,0.6111111111111112,0.7096774193548387,0.946236559139785,-0.03472222222222221,0.8611111111111113,1,4,-0.055262678675049415
"{'battery_temperature#MAXLAG:m', 'bandSkinTemperature_temperature#MINLAG:m', 'activity_event#SUP:IN_VEHICLE:m', 'ringer#SUP:RINGER_MODE_VIBRATE:m'}",{'activity_event#SUP:STILL:m'},0.8611111111111112,0.75,0.6111111111111112,0.7096774193548387,0.946236559139785,-0.03472222222222221,0.8611111111111113,1,4,-0.055262678675049415
"{'battery_status#SUP:CHARGING:m', 'bandUV_exposure#MAX:m', 'appUsage_appCategory#SUP:Media/Entertainment:m', 'bandSkinTemperature_temperature#MINLAG:m'}",{'activity_event#SUP:STILL:m'},0.8611111111111112,0.75,0.6111111111111112,0.7096774193548387,0.946236559139785,-0.03472222222222221,0.8611111111111113,1,4,-0.055262678675049415
"{'bandUV_exposure#MINLAG:m', 'battery_status#SUP:CHARGING:m', 'appUsage_appCategory#SUP:Media/Entertainment:m', 'bandSkinTemperature_temperature#MINLAG:m'}",{'activity_event#SUP:STILL:m'},0.8611111111111112,0.75,0.6111111111111112,0.7096774193548387,0.946236559139785,-0.03472222222222221,0.8611111111111113,1,4,-0.055262678675049415
"{'battery_plugState#ETP:m', 'battery_status#SUP:CHARGING:m', 'appUsage_appCategory#SUP:Media/Entertainment:m', 'bandSkinTemperature_temperature#MINLAG:m'}",{'activity_event#SUP:STILL:m'},0.8611111111111112,0.75,0.6111111111111112,0.7096774193548387,0.946236559139785,-0.03472222222222221,0.8611111111111113,1,4,-0.055262678675049415
"{'battery_status#SUP:CHARGING:m', 'battery_temperature#MAXLAG:m', 'appUsage_appCategory#SUP:Media/Entertainment:m', 'bandSkinTemperature_temperature#MINLAG:m'}",{'activity_event#SUP:STILL:m'},0.8611111111111112,0.75,0.6111111111111112,0.7096774193548387,0.946236559139785,-0.03472222222222221,0.8611111111111113,1,4,-0.055262678675049415
"{'ringer#SUP:RINGER_MODE_VIBRATE:m', 'bandSkinTemperature_temperature#MINLAG:m', 'activity_event#SUP:IN_VEHICLE:m', 'unlock#SUP:UNLOCK:m'}",{'activity_event#SUP:STILL:m'},0.8611111111111112,0.75,0.6111111111111112,0.7096774193548387,0.946236559139785,-0.03472222222222221,0.8611111111111113,1,4,-0.055262678675049415
"{'bandSkinTemperature_temperature#MINLAG:m', 'activity_event#SUP:IN_VEHICLE:m', 'ringer#SUP:RINGER_MODE_VIBRATE:m', 'connection_type#SUP:MOBILE:m'}",{'activity_event#SUP:STILL:m'},0.8611111111111112,0.75,0.6111111111111112,0.7096774193548387,0.946236559139785,-0.03472222222222221,0.8611111111111113,1,4,-0.055262678675049415
"{'bandUV_indexLevel#SUP:LOW:m', 'battery_temperature#MAXLAG:m', 'battery_status#SUP:CHARGING:m', 'bandSkinTemperature_temperature#MINLAG:m'}",{'activity_event#SUP:STILL:m'},0.8611111111111112,0.75,0.6111111111111112,0.7096774193548387,0.946236559139785,-0.03472222222222221,0.8611111111111113,1,4,-0.055262678675049415
"{'battery_temperature#MAXLAG:m', 'bandCalory_burned#MIN:m', 'bandSkinTemperature_temperature#MINLAG:m', 'ringer#SUP:RINGER_MODE_VIBRATE:m'}",{'activity_event#SUP:STILL:m'},0.8611111111111112,0.75,0.6111111111111112,0.7096774193548387,0.946236559139785,-0.03472222222222221,0.8611111111111113,1,4,-0.055262678675049415
"{'battery_temperature#MAXLAG:m', 'bandUV_indexLevel#SUP:NONE:m', 'battery_status#SUP:CHARGING:m', 'bandSkinTemperature_temperature#MINLAG:m'}",{'activity_event#SUP:STILL:m'},0.8611111111111112,0.75,0.6111111111111112,0.7096774193548387,0.946236559139785,-0.03472222222222221,0.8611111111111113,1,4,-0.055262678675049415
"{'bandUV_indexLevel#SUP:NONE:m', 'bandUV_exposure#MAX:m', 'battery_status#SUP:CHARGING:m', 'bandSkinTemperature_temperature#MINLAG:m'}",{'activity_event#SUP:STILL:m'},0.8611111111111112,0.75,0.6111111111111112,0.7096774193548387,0.946236559139785,-0.03472222222222221,0.8611111111111113,1,4,-0.055262678675049415
"{'bandUV_exposure#MINLAG:m', 'bandUV_indexLevel#SUP:NONE:m', 'battery_status#SUP:CHARGING:m', 'bandSkinTemperature_temperature#MINLAG:m'}",{'activity_event#SUP:STILL:m'},0.8611111111111112,0.75,0.6111111111111112,0.7096774193548387,0.946236559139785,-0.03472222222222221,0.8611111111111113,1,4,-0.055262678675049415
"{'battery_plugState#ETP:m', 'bandCalory_burned#MIN:m', 'bandSkinTemperature_temperature#MINLAG:m', 'ringer#SUP:RINGER_MODE_VIBRATE:m'}",{'activity_event#SUP:STILL:m'},0.8611111111111112,0.75,0.6111111111111112,0.7096774193548387,0.946236559139785,-0.03472222222222221,0.8611111111111113,1,4,-0.055262678675049415
"{'battery_temperature#MAXLAG:m', 'ringer#SUP:RINGER_MODE_VIBRATE:m', 'bandSkinTemperature_temperature#MINLAG:m', 'ringer#SUP:RINGER_MODE_NORMAL:m'}",{'activity_event#SUP:STILL:m'},0.8611111111111112,0.75,0.6111111111111112,0.7096774193548387,0.946236559139785,-0.03472222222222221,0.8611111111111113,1,4,-0.055262678675049415
"{'battery_plugState#ETP:m', 'bandUV_indexLevel#SUP:NONE:m', 'battery_status#SUP:CHARGING:m', 'bandSkinTemperature_temperature#MINLAG:m'}",{'activity_event#SUP:STILL:m'},0.8611111111111112,0.75,0.6111111111111112,0.7096774193548387,0.946236559139785,-0.03472222222222221,0.8611111111111113,1,4,-0.055262678675049415
"{'battery_plugState#ETP:m', 'ringer#ETP:m', 'bandSkinTemperature_temperature#MINLAG:m', 'ringer#SUP:RINGER_MODE_VIBRATE:m'}",{'activity_event#SUP:STILL:m'},0.8611111111111112,0.75,0.6111111111111112,0.7096774193548387,0.946236559139785,-0.03472222222222221,0.8611111111111113,1,4,-0.055262678675049415
"{'battery_plugState#ETP:m', 'bandUV_exposure#MAXLAGVAL:m', 'bandSkinTemperature_temperature#MINLAG:m', 'ringer#SUP:RINGER_MODE_VIBRATE:m'}",{'activity_event#SUP:STILL:m'},0.8611111111111112,0.75,0.6111111111111112,0.7096774193548387,0.946236559139785,-0.03472222222222221,0.8611111111111113,1,4,-0.055262678675049415
"{'battery_plugState#ETP:m', 'bandDistance_pace#MIN:m', 'bandSkinTemperature_temperature#MINLAG:m', 'ringer#SUP:RINGER_MODE_VIBRATE:m'}",{'activity_event#SUP:STILL:m'},0.8611111111111112,0.75,0.6111111111111112,0.7096774193548387,0.946236559139785,-0.03472222222222221,0.8611111111111113,1,4,-0.055262678675049415
"{'ringer#SUP:RINGER_MODE_VIBRATE:m', 'bandSkinTemperature_temperature#MINLAG:m', 'ringer#SUP:RINGER_MODE_NORMAL:m', 'unlock#SUP:UNLOCK:m'}",{'activity_event#SUP:STILL:m'},0.8611111111111112,0.75,0.6111111111111112,0.7096774193548387,0.946236559139785,-0.03472222222222221,0.8611111111111113,1,4,-0.055262678675049415
"{'bandUV_indexLevel#SUP:NONE:m', 'battery_status#SUP:CHARGING:m', 'bandSkinTemperature_temperature#MINLAG:m', 'unlock#SUP:UNLOCK:m'}",{'activity_event#SUP:STILL:m'},0.8611111111111112,0.75,0.6111111111111112,0.7096774193548387,0.946236559139785,-0.03472222222222221,0.8611111111111113,1,4,-0.055262678675049415
"{'connection_type#SUP:WIFI:m', 'ringer#SUP:RINGER_MODE_VIBRATE:m', 'bandSkinTemperature_temperature#MINLAG:m', 'ringer#SUP:RINGER_MODE_NORMAL:m'}",{'activity_event#SUP:STILL:m'},0.8611111111111112,0.75,0.6111111111111112,0.7096774193548387,0.946236559139785,-0.03472222222222221,0.8611111111111113,1,4,-0.055262678675049415
"{'bandUV_exposure#MINLAG:m', 'bandUV_exposure#MAX:m', 'bandSkinTemperature_temperature#MINLAG:m', 'ringer#SUP:RINGER_MODE_VIBRATE:m'}",{'activity_event#SUP:STILL:m'},0.8611111111111112,0.75,0.6111111111111112,0.7096774193548387,0.946236559139785,-0.03472222222222221,0.8611111111111113,1,4,-0.055262678675049415
"{'connection_type#SUP:WIFI:m', 'bandUV_indexLevel#SUP:NONE:m', 'battery_status#SUP:CHARGING:m', 'bandSkinTemperature_temperature#MINLAG:m'}",{'activity_event#SUP:STILL:m'},0.8611111111111112,0.75,0.6111111111111112,0.7096774193548387,0.946236559139785,-0.03472222222222221,0.8611111111111113,1,4,-0.055262678675049415
"{'bandUV_exposure#MINLAG:m', 'bandDistance_pace#MIN:m', 'bandSkinTemperature_temperature#MINLAG:m', 'ringer#SUP:RINGER_MODE_VIBRATE:m'}",{'activity_event#SUP:STILL:m'},0.8611111111111112,0.75,0.6111111111111112,0.7096774193548387,0.946236559139785,-0.03472222222222221,0.8611111111111113,1,4,-0.055262678675049415
"{'battery_plugState#ETP:m', 'ringer#SUP:RINGER_MODE_VIBRATE:m', 'bandSkinTemperature_temperature#MINLAG:m', 'ringer#SUP:RINGER_MODE_NORMAL:m'}",{'activity_event#SUP:STILL:m'},0.8611111111111112,0.75,0.6111111111111112,0.7096774193548387,0.946236559139785,-0.03472222222222221,0.8611111111111113,1,4,-0.055262678675049415
"{'bandDistance_pace#MIN:m', 'bandUV_indexLevel#SUP:NONE:m', 'battery_status#SUP:CHARGING:m', 'bandSkinTemperature_temperature#MINLAG:m'}",{'activity_event#SUP:STILL:m'},0.8611111111111112,0.75,0.6111111111111112,0.7096774193548387,0.946236559139785,-0.03472222222222221,0.8611111111111113,1,4,-0.055262678675049415
"{'bandUV_exposure#MAXLAGVAL:m', 'ringer#SUP:RINGER_MODE_VIBRATE:m', 'bandSkinTemperature_temperature#MINLAG:m', 'ringer#SUP:RINGER_MODE_NORMAL:m'}",{'activity_event#SUP:STILL:m'},0.8611111111111112,0.75,0.6111111111111112,0.7096774193548387,0.946236559139785,-0.03472222222222221,0.8611111111111113,1,4,-0.055262678675049415
"{'bandUV_exposure#MAXLAGVAL:m', 'bandUV_indexLevel#SUP:NONE:m', 'battery_status#SUP:CHARGING:m', 'bandSkinTemperature_temperature#MINLAG:m'}",{'activity_event#SUP:STILL:m'},0.8611111111111112,0.75,0.6111111111111112,0.7096774193548387,0.946236559139785,-0.03472222222222221,0.8611111111111113,1,4,-0.055262678675049415
"{'bandUV_indexLevel#SUP:LOW:m', 'battery_status#SUP:CHARGING:m', 'bandSkinTemperature_temperature#MINLAG:m', 'unlock#SUP:UNLOCK:m'}",{'activity_event#SUP:STILL:m'},0.8611111111111112,0.75,0.6111111111111112,0.7096774193548387,0.946236559139785,-0.03472222222222221,0.8611111111111113,1,4,-0.055262678675049415
"{'ringer#ETP:m', 'ringer#SUP:RINGER_MODE_VIBRATE:m', 'bandSkinTemperature_temperature#MINLAG:m', 'ringer#SUP:RINGER_MODE_NORMAL:m'}",{'activity_event#SUP:STILL:m'},0.8611111111111112,0.75,0.6111111111111112,0.7096774193548387,0.946236559139785,-0.03472222222222221,0.8611111111111113,1,4,-0.055262678675049415
"{'bandUV_indexLevel#SUP:LOW:m', 'connection_type#SUP:WIFI:m', 'battery_status#SUP:CHARGING:m', 'bandSkinTemperature_temperature#MINLAG:m'}",{'activity_event#SUP:STILL:m'},0.8611111111111112,0.75,0.6111111111111112,0.7096774193548387,0.946236559139785,-0.03472222222222221,0.8611111111111113,1,4,-0.055262678675049415
"{'ringer#ETP:m', 'battery_temperature#MAXLAG:m', 'bandSkinTemperature_temperature#MINLAG:m', 'ringer#SUP:RINGER_MODE_VIBRATE:m'}",{'activity_event#SUP:STILL:m'},0.8611111111111112,0.75,0.6111111111111112,0.7096774193548387,0.946236559139785,-0.03472222222222221,0.8611111111111113,1,4,-0.055262678675049415
"{'ringer#SUP:RINGER_MODE_VIBRATE:m', 'bandCalory_burned#MIN:m', 'bandSkinTemperature_temperature#MINLAG:m', 'ringer#SUP:RINGER_MODE_NORMAL:m'}",{'activity_event#SUP:STILL:m'},0.8611111111111112,0.75,0.6111111111111112,0.7096774193548387,0.946236559139785,-0.03472222222222221,0.8611111111111113,1,4,-0.055262678675049415
"{'bandUV_exposure#MAXLAGVAL:m', 'battery_temperature#MAXLAG:m', 'bandSkinTemperature_temperature#MINLAG:m', 'ringer#SUP:RINGER_MODE_VIBRATE:m'}",{'activity_event#SUP:STILL:m'},0.8611111111111112,0.75,0.6111111111111112,0.7096774193548387,0.946236559139785,-0.03472222222222221,0.8611111111111113,1,4,-0.055262678675049415
"{'bandUV_exposure#MINLAG:m', 'ringer#ETP:m', 'ringer#SUP:RINGER_MODE_SILENT:m', 'battery_status#SUP:CHARGING:m'}",{'activity_event#SUP:STILL:m'},0.8611111111111112,0.75,0.6111111111111112,0.7096774193548387,0.946236559139785,-0.03472222222222221,0.8611111111111113,1,4,-0.055262678675049415
"{'bandUV_exposure#MINLAG:m', 'ringer#SUP:RINGER_MODE_VIBRATE:m', 'bandSkinTemperature_temperature#MINLAG:m', 'ringer#SUP:RINGER_MODE_NORMAL:m'}",{'activity_event#SUP:STILL:m'},0.8611111111111112,0.75,0.6111111111111112,0.7096774193548387,0.946236559139785,-0.03472222222222221,0.8611111111111113,1,4,-0.055262678675049415
"{'bandDistance_pace#MIN:m', 'ringer#SUP:RINGER_MODE_VIBRATE:m', 'bandSkinTemperature_temperature#MINLAG:m', 'ringer#SUP:RINGER_MODE_NORMAL:m'}",{'activity_event#SUP:STILL:m'},0.8611111111111112,0.75,0.6111111111111112,0.7096774193548387,0.946236559139785,-0.03472222222222221,0.8611111111111113,1,4,-0.055262678675049415
"{'ringer#ETP:m', 'bandUV_indexLevel#SUP:NONE:m', 'battery_status#SUP:CHARGING:m', 'bandSkinTemperature_temperature#MINLAG:m'}",{'activity_event#SUP:STILL:m'},0.8611111111111112,0.75,0.6111111111111112,0.7096774193548387,0.946236559139785,-0.03472222222222221,0.8611111111111113,1,4,-0.055262678675049415
"{'battery_plugState#ETP:m', 'bandSkinTemperature_temperature#MINLAG:m', 'ringer#SUP:RINGER_MODE_VIBRATE:m', 'bandUV_exposure#MINLAG:m'}",{'activity_event#SUP:STILL:m'},0.8611111111111112,0.75,0.6111111111111112,0.7096774193548387,0.946236559139785,-0.03472222222222221,0.8611111111111113,1,4,-0.055262678675049415
"{'ringer#SUP:RINGER_MODE_VIBRATE:m', 'bandUV_exposure#MAX:m', 'bandSkinTemperature_temperature#MINLAG:m', 'ringer#SUP:RINGER_MODE_NORMAL:m'}",{'activity_event#SUP:STILL:m'},0.8611111111111112,0.75,0.6111111111111112,0.7096774193548387,0.946236559139785,-0.03472222222222221,0.8611111111111113,1,4,-0.055262678675049415
"{'bandUV_indexLevel#SUP:NONE:m', 'bandCalory_burned#MIN:m', 'battery_status#SUP:CHARGING:m', 'bandSkinTemperature_temperature#MINLAG:m'}",{'activity_event#SUP:STILL:m'},0.8611111111111112,0.75,0.6111111111111112,0.7096774193548387,0.946236559139785,-0.03472222222222221,0.8611111111111113,1,4,-0.055262678675049415
"{'battery_plugState#ETP:m', 'bandUV_exposure#MAX:m', 'bandSkinTemperature_temperature#MINLAG:m', 'ringer#SUP:RINGER_MODE_VIBRATE:m'}",{'activity_event#SUP:STILL:m'},0.8611111111111112,0.75,0.6111111111111112,0.7096774193548387,0.946236559139785,-0.03472222222222221,0.8611111111111113,1,4,-0.055262678675049415
"{'battery_status#SUP:FULL:m', 'ringer#SUP:RINGER_MODE_SILENT:m', 'bandSkinTemperature_temperature#MINLAG:m', 'ringer#SUP:RINGER_MODE_VIBRATE:m'}",{'activity_event#SUP:STILL:m'},0.8611111111111112,0.75,0.6111111111111112,0.7096774193548387,0.946236559139785,-0.03472222222222221,0.8611111111111113,1,4,-0.055262678675049415
